AAPL,250.12,1773578359.9462874
GOOGL,302.28,1773578362.4729276
MSFT,395.55,1773578365.7554069
AMZN,207.67,1773578370.0629857
TSLA,391.2,1773578372.4835107
META,613.71,1773578374.2291443
NVDA,180.25,1773578376.6222212
JPM,283.44,1773578380.3078375
V,307.14,1773578382.664632
UNH,282.09,1773578388.5876513
AAPL,250.12,1773578405.13887
GOOGL,302.28,1773578415.0300658
MSFT,395.55,1773578422.9845033
AMZN,207.67,1773578425.120364
TSLA,391.2,1773578430.1166072
META,613.71,1773578433.360025
NVDA,180.25,1773578434.5213082
JPM,283.44,1773578435.536261
V,307.14,1773578436.5797937
UNH,282.09,1773578437.666805
AAPL,250.12,1773578470.4062433
GOOGL,302.28,1773578471.5997684
MSFT,395.55,1773578473.738627
AMZN,207.67,1773578479.0822773
TSLA,391.2,1773578481.4248207
META,613.71,1773578488.1464317
NVDA,180.25,1773578497.1429787
JPM,283.44,1773578512.2987707
V,307.14,1773578517.2668526
UNH,282.09,1773578521.0337546
AAPL,250.12,1773578527.250627
GOOGL,302.28,1773578530.0327868
MSFT,395.55,1773578532.273944
AMZN,207.67,1773578534.4716759
TSLA,391.2,1773578538.003694
META,613.71,1773578541.8951075
NVDA,180.25,1773578545.9886882
JPM,283.44,1773578548.4697385
V,307.14,1773578555.6148179
UNH,282.09,1773578558.9979181
AAPL,250.12,1773578588.2781887
GOOGL,302.28,1773578593.3519437
MSFT,395.55,1773578602.0288665
AMZN,207.67,1773578606.4052057
TSLA,391.2,1773578610.0912895
META,613.71,1773578612.3445408
NVDA,180.25,1773578616.10965
JPM,283.44,1773578619.438993
V,307.14,1773578621.8021748
UNH,282.09,1773578624.2471004
AAPL,250.12,1773578644.2939231
GOOGL,302.28,1773578655.1590168
MSFT,395.55,1773578661.0876272
AMZN,207.67,1773578663.6512945
TSLA,391.2,1773578666.9828098
META,613.71,1773578670.3247514
NVDA,180.25,1773578674.092577
JPM,283.44,1773578676.2458975
V,307.14,1773578679.8319077
UNH,282.09,1773578682.2998896
AAPL,250.12,1773578705.5304499
GOOGL,302.28,1773578712.2885635
MSFT,395.55,1773578718.0221605
AMZN,207.67,1773578723.9434755
TSLA,391.2,1773578727.2388074
META,613.71,1773578729.4916623
NVDA,180.25,1773578733.9463644
JPM,283.44,1773578736.250167
V,307.14,1773578740.2580802
UNH,282.09,1773578742.4945142
AAPL,250.12,1773578763.2891822
GOOGL,302.28,1773578767.6873784
MSFT,395.55,1773578769.0184524
AMZN,207.67,1773578773.2109396
TSLA,391.2,1773578775.5725398
META,613.71,1773578777.8268495
NVDA,180.25,1773578780.4818873
JPM,283.44,1773578786.0171223
V,307.14,1773578788.1367197
UNH,282.09,1773578794.311966
AAPL,250.12,1773578831.0924835
GOOGL,302.28,1773578835.7425835
MSFT,395.55,1773578837.8409257
AMZN,207.67,1773578840.1744304
TSLA,391.2,1773578842.4402738
META,613.71,1773578850.3280509
NVDA,180.25,1773578869.184741
JPM,283.44,1773578881.989173
V,307.14,1773578888.6239831
UNH,282.09,1773578896.9615648
AAPL,250.12,1773578888.6241145
GOOGL,302.28,1773578896.0988395
MSFT,395.55,1773578899.7851257
AMZN,207.67,1773578904.614517
TSLA,391.2,1773578908.38689
META,613.71,1773578910.5413094
NVDA,180.25,1773578916.9945645
JPM,283.44,1773578923.5431018
V,307.14,1773578928.107029
UNH,282.09,1773578933.0657
AAPL,250.12,1773579003.654834
GOOGL,302.28,1773579009.438804
MSFT,395.55,1773579017.1510518
AMZN,207.67,1773579022.2699475
TSLA,391.2,1773579031.452431
META,613.71,1773579046.01437
NVDA,180.25,1773579051.032046
JPM,283.44,1773579053.3074179
V,307.14,1773579057.6082838
UNH,282.09,1773579064.2668226
AAPL,250.12,1773579302.7346094
GOOGL,302.28,1773579306.421056
MSFT,395.55,1773579308.8787665
AMZN,207.67,1773579312.556838
TSLA,391.2,1773579315.2335105
META,613.71,1773579317.5887344
NVDA,180.25,1773579319.9543176
JPM,283.44,1773579323.6247165
V,307.14,1773579325.6575751
UNH,282.09,1773579327.925292
AAPL,250.12,1773579362.8446112
GOOGL,302.28,1773579365.3018372
MSFT,395.55,1773579369.0909245
AMZN,207.67,1773579371.3434565
TSLA,391.2,1773579373.5964277
META,613.71,1773579374.8440888
NVDA,180.25,1773579378.520034
JPM,283.44,1773579380.860855
V,307.14,1773579384.4535182
UNH,282.09,1773579386.8147523
AAPL,250.12,1773579423.691875
GOOGL,302.28,1773579425.8224945
MSFT,395.55,1773579429.0980365
AMZN,207.67,1773579430.6343484
TSLA,391.2,1773579435.3439727
META,613.71,1773579437.596784
NVDA,180.25,1773579439.773822
JPM,283.44,1773579442.04574
V,307.14,1773579445.6931863
UNH,282.09,1773579447.2228322
AAPL,250.12,1773579483.165924
GOOGL,302.28,1773579487.3630393
MSFT,395.55,1773579489.8210063
AMZN,207.67,1773579491.972333
TSLA,391.2,1773579495.7738578
META,613.71,1773579496.9899154
NVDA,180.25,1773579500.0807235
JPM,283.44,1773579503.7484488
V,307.14,1773579506.104125
UNH,282.09,1773579509.6878684
AAPL,250.12,1773579543.6852212
GOOGL,302.28,1773579547.3718271
MSFT,395.55,1773579549.7038138
AMZN,207.67,1773579553.4207432
TSLA,391.2,1773579556.9626832
META,613.71,1773579559.045241
NVDA,180.25,1773579562.8059354
JPM,283.44,1773579565.2267644
V,307.14,1773579567.5443468
UNH,282.09,1773579570.002677
AAPL,250.12,1773579602.9757936
GOOGL,302.28,1773579605.370977
MSFT,395.55,1773579608.914635
AMZN,207.67,1773579612.4987075
TSLA,391.2,1773579614.7517328
META,613.71,1773579617.016484
NVDA,180.25,1773579619.25748
JPM,283.44,1773579622.841365
V,307.14,1773579625.2037675
UNH,282.09,1773579627.757806
AAPL,250.12,1773580149.7076807
GOOGL,302.28,1773580153.3942866
MSFT,395.55,1773580157.3148253
AMZN,207.67,1773580161.2787147
TSLA,391.2,1773580162.9306262
META,613.71,1773580167.5362852
NVDA,180.25,1773580169.8799362
JPM,283.44,1773580174.7126427
V,307.14,1773580178.6968703
UNH,282.09,1773580182.5966332
AAPL,250.12,1773580203.501325
GOOGL,302.28,1773580207.038988
MSFT,395.55,1773580210.2019475
AMZN,207.67,1773580214.6515422
TSLA,391.2,1773580219.4511557
META,613.71,1773580221.8065455
NVDA,180.25,1773580225.7077
JPM,283.44,1773580229.0951495
V,307.14,1773580231.3271363
UNH,282.09,1773580233.6824558
AAPL,250.12,1773580323.689992
GOOGL,302.28,1773580326.172703
MSFT,395.55,1773580328.3973591
AMZN,207.67,1773580332.1089635
TSLA,391.2,1773580335.5739129
META,613.71,1773580338.955578
NVDA,180.25,1773580341.1879084
JPM,283.44,1773580343.4688463
V,307.14,1773580347.2462637
UNH,282.09,1773580349.5110857
AAPL,250.12,1773580383.588786
GOOGL,302.28,1773580385.8425183
MSFT,395.55,1773580389.527647
AMZN,207.67,1773580391.7804725
TSLA,391.2,1773580393.9335675
META,613.71,1773580396.2861202
NVDA,180.25,1773580399.761936
JPM,283.44,1773580400.7636092
V,307.14,1773580403.1536784
UNH,282.09,1773580405.3095357
AAPL,250.12,1773580443.49598
GOOGL,302.28,1773580444.9588304
MSFT,395.55,1773580446.36103
AMZN,207.67,1773580449.3308039
TSLA,391.2,1773580451.2023368
META,613.71,1773580454.9660573
NVDA,180.25,1773580457.220866
JPM,283.44,1773580459.4942183
V,307.14,1773580461.9049377
UNH,282.09,1773580464.2136717
AAPL,250.12,1773580507.7129672
GOOGL,302.28,1773580509.9796128
MSFT,395.55,1773580511.2194273
AMZN,207.67,1773580513.67017
TSLA,391.2,1773580517.2509568
META,613.71,1773580519.6257246
NVDA,180.25,1773580523.1627362
JPM,283.44,1773580525.5299606
V,307.14,1773580529.0138717
UNH,282.09,1773580532.4836302
AAPL,250.12,1773580563.8370478
GOOGL,302.28,1773580568.5985038
MSFT,395.55,1773580576.8419118
AMZN,207.67,1773580580.0318727
TSLA,391.2,1773580582.5705583
META,613.71,1773580586.8566341
NVDA,180.25,1773580589.6100912
JPM,283.44,1773580593.0166967
V,307.14,1773580596.5071833
UNH,282.09,1773580600.2676227
AAPL,250.12,1773580623.2348862
GOOGL,302.28,1773580625.4771843
MSFT,395.55,1773580627.8401275
AMZN,207.67,1773580631.96191
TSLA,391.2,1773580634.609195
META,613.71,1773580638.1735635
NVDA,180.25,1773580640.9663954
JPM,283.44,1773580644.5271864
V,307.14,1773580658.199696
UNH,282.09,1773580660.7383964
AAPL,250.12,1773580683.7796462
GOOGL,302.28,1773580685.9941337
MSFT,395.55,1773580688.340644
AMZN,207.67,1773580690.5955598
TSLA,391.2,1773580693.3559597
META,613.71,1773580695.7125525
NVDA,180.25,1773580697.9627542
JPM,283.44,1773580700.2386942
V,307.14,1773580702.69872
UNH,282.09,1773580705.9844508
AAPL,250.12,1773580806.842785
GOOGL,302.28,1773580814.7244139
MSFT,395.55,1773580822.914728
AMZN,207.67,1773580829.8782823
TSLA,391.2,1773580835.2823522
META,613.71,1773580842.679719
NVDA,180.25,1773580846.6764174
JPM,283.44,1773580857.93641
V,307.14,1773580865.6520028
UNH,282.09,1773580872.883023
AAPL,250.12,1773580872.2519243
GOOGL,302.28,1773580874.6240554
MSFT,395.55,1773580877.878599
AMZN,207.67,1773580890.9610226
TSLA,391.2,1773580893.9879344
META,613.71,1773580900.7555108
NVDA,180.25,1773580914.9531474
JPM,283.44,1773580923.7585278
V,307.14,1773580930.799793
UNH,282.09,1773580937.7135081
AAPL,250.12,1773581227.7042902
GOOGL,302.28,1773581231.7379608
MSFT,395.55,1773581238.662425
AMZN,207.67,1773581256.6089945
TSLA,391.2,1773581275.2088492
META,613.73,1773581301.6187744
NVDA,180.27,1773581308.683706
JPM,283.46,1773581320.0913312
V,307.16,1773581335.1343596
UNH,282.11,1773581359.9107265
AAPL,250.14,1773581350.7872932
GOOGL,302.3,1773581358.8955166
MSFT,395.57,1773581364.7288601
AMZN,207.69,1773581369.921217
TSLA,391.22,1773581376.3897214
META,613.73,1773581380.9485059
NVDA,180.27,1773581387.7496507
JPM,283.46,1773581392.9305456
V,307.16,1773581402.8235478
UNH,282.11,1773581409.7983994
AAPL,250.14,1773581405.183188
GOOGL,302.3,1773581417.7832222
MSFT,395.57,1773581434.7596793
AMZN,207.69,1773581442.8718665
TSLA,391.22,1773581451.8645153
META,613.73,1773581492.7883563
NVDA,180.27,1773581501.6888752
JPM,283.46,1773581578.732748
V,307.16,1773581595.796996
UNH,282.11,1773581604.962883
AAPL,250.14,1773581603.0345213
GOOGL,302.3,1773581607.0394654
MSFT,395.57,1773581611.803746
AMZN,207.69,1773581617.719743
TSLA,391.22,1773581621.716205
META,613.73,1773581633.2993581
NVDA,180.27,1773581637.9371667
JPM,283.46,1773581645.3306904
V,307.16,1773581651.6552274
UNH,282.11,1773581663.8787231
AAPL,250.14,1773581824.6289754
GOOGL,302.3,1773581827.6884634
MSFT,395.57,1773581831.588951
AMZN,207.69,1773581835.672463
TSLA,391.22,1773581840.6618056
META,613.73,1773581848.216557
NVDA,180.27,1773581855.9581988
JPM,283.46,1773581865.6727667
V,307.16,1773581882.6236403
UNH,282.11,1773581888.720609
AAPL,250.14,1773581886.8524659
GOOGL,302.3,1773581889.8826258
MSFT,395.57,1773581894.6758385
AMZN,207.69,1773581902.633771
TSLA,391.22,1773581914.6317956
META,613.73,1773581922.6980262
NVDA,180.27,1773581930.6978931
JPM,283.46,1773581942.6738124
V,307.16,1773581950.8433838
UNH,282.11,1773581957.6679952
AAPL,250.14,1773582006.666854
GOOGL,302.3,1773582011.7010849
MSFT,395.57,1773582017.8404493
AMZN,207.69,1773582029.6472366
TSLA,391.22,1773582046.879009
META,613.73,1773582050.7075377
NVDA,180.27,1773582059.4544158
JPM,283.46,1773582063.8194306
V,307.16,1773582073.5977945
UNH,282.11,1773582089.7316096
AAPL,250.14,1773582132.7423983
GOOGL,302.3,1773582139.6190894
MSFT,395.57,1773582147.5925825
AMZN,207.69,1773582150.6693285
TSLA,391.22,1773582158.9661112
META,613.73,1773582169.6999578
NVDA,180.27,1773582173.6947596
JPM,283.46,1773582178.9294512
V,307.16,1773582182.8040035
UNH,282.11,1773582185.0771704
AAPL,250.14,1773582183.716591
GOOGL,302.3,1773582186.6728458
MSFT,395.57,1773582190.8295844
AMZN,207.69,1773582193.1354523
TSLA,391.22,1773582195.6049652
META,613.73,1773582199.2811103
NVDA,180.27,1773582202.6630151
JPM,283.46,1773582203.8636646
V,307.16,1773582207.4836793
UNH,282.11,1773582212.3989677
AAPL,250.14,1773582303.4351897
GOOGL,302.3,1773582305.1582344
MSFT,395.57,1773582307.408162
AMZN,207.69,1773582311.0000944
TSLA,391.22,1773582313.269356
META,613.73,1773582321.5362802
NVDA,180.27,1773582325.1240215
JPM,283.46,1773582327.3832862
V,307.16,1773582330.971672
UNH,282.11,1773582333.3234003
AAPL,250.14,1773582363.444603
GOOGL,302.3,1773582367.09809
MSFT,395.57,1773582370.8274908
AMZN,207.69,1773582377.679182
TSLA,391.22,1773582383.649404
META,613.73,1773582388.0164287
NVDA,180.27,1773582393.6606107
JPM,283.46,1773582399.2834334
V,307.16,1773582401.7476676
UNH,282.11,1773582405.30513
AAPL,250.14,1773582427.3430433
GOOGL,302.3,1773582429.4999528
MSFT,395.57,1773582434.3210714
AMZN,207.69,1773582445.881432
TSLA,391.22,1773582463.552634
META,613.73,1773582465.7309308
NVDA,180.27,1773582467.9300196
JPM,283.46,1773582473.1416478
V,307.16,1773582475.6915758
UNH,282.11,1773582479.7595603
AAPL,250.14,1773582490.6480684
GOOGL,302.3,1773582494.3062658
MSFT,395.57,1773582496.5414033
AMZN,207.69,1773582498.715183
TSLA,391.22,1773582500.8640482
META,613.73,1773582504.3240004
NVDA,180.27,1773582505.451466
JPM,283.46,1773582507.4542937
V,307.16,1773582510.99148
UNH,282.11,1773582513.2476559
AAPL,250.14,1773582543.158459
GOOGL,302.3,1773582546.7371285
MSFT,395.57,1773582550.406525
AMZN,207.69,1773582552.8621137
TSLA,391.22,1773582554.070918
META,613.73,1773582556.2523308
NVDA,180.27,1773582558.7149382
JPM,283.46,1773582564.8717422
V,307.16,1773582567.1220822
UNH,282.11,1773582570.8918495
AAPL,250.14,1773582602.9479477
GOOGL,302.3,1773582606.6324475
MSFT,395.57,1773582608.0569766
AMZN,207.69,1773582611.660221
TSLA,391.22,1773582624.6544192
META,613.73,1773582641.6806314
NVDA,180.27,1773582648.4430864
JPM,283.46,1773582652.1202905
V,307.16,1773582653.2059648
UNH,282.11,1773582655.464874
AAPL,250.14,1773582663.9015148
GOOGL,302.3,1773582667.2677314
MSFT,395.57,1773582669.7066398
AMZN,207.69,1773582673.3881168
TSLA,391.22,1773582688.723406
META,613.73,1773582699.8929777
NVDA,180.27,1773582705.6564152
JPM,283.46,1773582710.7780302
V,307.16,1773582718.6824746
UNH,282.11,1773582724.8393788
AAPL,250.14,1773582903.791618
GOOGL,302.3,1773582907.6182814
MSFT,395.57,1773582910.0532804
AMZN,207.69,1773582913.3245788
TSLA,391.22,1773582916.9015644
META,613.73,1773582919.4614108
NVDA,180.27,1773582923.143963
JPM,283.46,1773582926.0229084
V,307.16,1773582928.1649425
UNH,282.11,1773582930.5281615
AAPL,250.14,1773582963.6978967
GOOGL,302.3,1773582967.3975565
MSFT,395.57,1773582975.806319
AMZN,207.69,1773582981.8312483
TSLA,391.22,1773582989.741612
META,613.73,1773582999.758295
NVDA,180.27,1773583007.6421983
JPM,283.46,1773583013.2758327
V,307.16,1773583015.9254541
UNH,282.11,1773583019.9148123
AAPL,250.14,1773583021.8756077
GOOGL,302.3,1773583024.548033
MSFT,395.57,1773583030.6910975
AMZN,207.69,1773583034.8679335
TSLA,391.22,1773583038.6925952
META,613.73,1773583041.1365275
NVDA,180.27,1773583045.8425407
JPM,283.46,1773583061.6732101
V,307.16,1773583079.659749
UNH,282.11,1773583087.8928967
AAPL,250.14,1773583089.5792494
GOOGL,302.3,1773583093.2633414
MSFT,395.57,1773583107.7056103
AMZN,207.69,1773583117.764806
TSLA,391.22,1773583126.7226522
META,613.73,1773583129.6877308
NVDA,180.27,1773583134.1072226
JPM,283.46,1773583139.0741189
V,307.16,1773583146.8387485
UNH,282.11,1773583153.9016585
AAPL,250.14,1773583146.112855
GOOGL,302.3,1773583153.9315975
MSFT,395.57,1773583179.7821274
AMZN,207.69,1773583189.9325235
TSLA,391.22,1773583197.837284
META,613.73,1773583200.8663282
NVDA,180.27,1773583205.2080371
JPM,283.46,1773583213.7825656
V,307.16,1773583216.6488822
UNH,282.11,1773583218.7895105
AAPL,250.14,1773583205.2099724
GOOGL,302.3,1773583215.8478441
MSFT,395.57,1773583218.217068
AMZN,207.69,1773583219.5986824
TSLA,391.22,1773583226.9095647
META,613.73,1773583229.7370746
NVDA,180.27,1773583234.882179
JPM,283.46,1773583239.0538075
V,307.16,1773583242.5476182
UNH,282.11,1773583247.7170467
AAPL,250.14,1773583264.1439447
GOOGL,302.3,1773583266.4488852
MSFT,395.57,1773583268.8741112
AMZN,207.69,1773583271.0046651
TSLA,391.22,1773583274.59689
META,613.73,1773583278.3094325
NVDA,180.27,1773583280.689976
JPM,283.46,1773583283.1084309
V,307.16,1773583285.3601243
UNH,282.11,1773583288.954745
AAPL,250.14,1773583325.7366056
GOOGL,302.3,1773583330.1128166
MSFT,395.57,1773583336.8696437
AMZN,207.69,1773583341.79999
TSLA,391.22,1773583344.5948088
META,613.73,1773583349.355287
NVDA,180.27,1773583351.9017906
JPM,283.46,1773583353.1208057
V,307.16,1773583355.585177
UNH,282.11,1773583359.7120948
AAPL,250.14,1773583383.7634478
GOOGL,302.3,1773583386.615872
MSFT,395.57,1773583389.7126539
AMZN,207.69,1773583392.1618989
TSLA,391.22,1773583398.9171374
META,613.73,1773583406.7170954
NVDA,180.27,1773583418.6816578
JPM,283.46,1773583422.693885
V,307.16,1773583426.8791735
UNH,282.11,1773583432.7573302
AAPL,250.14,1773583448.8186605
GOOGL,302.3,1773583453.804974
MSFT,395.57,1773583457.7125008
AMZN,207.69,1773583463.7434132
TSLA,391.22,1773583471.7432296
META,613.73,1773583480.7176216
NVDA,180.27,1773583488.0416055
JPM,283.46,1773583500.6674683
V,307.16,1773583507.8133981
UNH,282.11,1773583513.0085642
AAPL,250.14,1773583564.8496404
GOOGL,302.3,1773583576.0560694
MSFT,395.57,1773583583.8568108
AMZN,207.69,1773583598.7276871
TSLA,391.22,1773583610.786842
META,613.73,1773583615.0712247
NVDA,180.27,1773583620.8385506
JPM,283.46,1773583625.4199932
V,307.16,1773583662.3513572
UNH,282.11,1773583664.6350803
AAPL,250.14,1773583624.0274806
GOOGL,302.3,1773583625.4199917
MSFT,395.57,1773583662.3497956
AMZN,207.69,1773583664.401404
TSLA,391.22,1773583666.8859162
META,613.73,1773583670.699022
NVDA,180.27,1773583678.7096176
JPM,283.46,1773583682.2587152
V,307.16,1773583686.3408086
UNH,282.11,1773583690.263648
AAPL,250.14,1773583683.5809886
GOOGL,302.3,1773583686.0814812
MSFT,395.57,1773583689.655898
AMZN,207.69,1773583691.7739604
TSLA,391.22,1773583695.4851723
META,613.73,1773583699.1535163
NVDA,180.27,1773583701.4959323
JPM,283.46,1773583704.9902864
V,307.16,1773583708.4748955
UNH,282.11,1773583712.1771011
AAPL,250.14,1773583743.3917842
GOOGL,302.3,1773583747.114791
MSFT,395.57,1773583749.44527
AMZN,207.69,1773583753.1321857
TSLA,391.22,1773583758.4428818
META,613.73,1773583762.1608539
NVDA,180.27,1773583766.0217772
JPM,283.46,1773583768.603729
V,307.16,1773583775.2480016
UNH,282.11,1773583778.007965
AAPL,250.14,1773583803.1849508
GOOGL,302.3,1773583805.9466085
MSFT,395.57,1773583807.1790524
AMZN,207.69,1773583810.8629017
TSLA,391.22,1773583813.295469
META,613.73,1773583815.8828802
NVDA,180.27,1773583817.108496
JPM,283.46,1773583820.7254214
V,307.16,1773583822.3463347
UNH,282.11,1773583824.820878
AAPL,250.14,1773583864.0449905
GOOGL,302.3,1773583866.5889013
MSFT,395.57,1773583868.7544723
AMZN,207.69,1773583872.2037666
TSLA,391.22,1773583882.3245447
META,613.73,1773583885.2969108
NVDA,180.27,1773583899.6568575
JPM,283.46,1773583904.8463533
V,307.16,1773583907.082751
UNH,282.11,1773583911.8638284
AAPL,250.14,1773583924.8880517
GOOGL,302.3,1773583927.8107033
MSFT,395.57,1773583933.0414157
AMZN,207.69,1773583936.6328857
TSLA,391.22,1773583940.5022016
META,613.73,1773583942.8836687
NVDA,180.27,1773583945.0232553
JPM,283.46,1773583948.7161367
V,307.16,1773583950.7525702
UNH,282.11,1773583953.0092437
AAPL,250.14,1773583983.12656
GOOGL,302.3,1773583985.3840127
MSFT,395.57,1773583987.5197024
AMZN,207.69,1773583992.6808553
TSLA,391.22,1773583998.993957
META,613.73,1773584004.9359546
NVDA,180.27,1773584007.371268
JPM,283.46,1773584009.6246998
V,307.16,1773584013.20784
UNH,282.11,1773584015.7688808
AAPL,250.14,1773584043.7531393
GOOGL,302.3,1773584046.1141596
MSFT,395.57,1773584048.3498921
AMZN,207.69,1773584050.7003171
TSLA,391.22,1773584056.6299212
META,613.73,1773584059.5990522
NVDA,180.27,1773584066.898869
JPM,283.46,1773584075.702129
V,307.16,1773584090.8424504
UNH,282.11,1773584093.157128
AAPL,250.14,1773584103.1550715
GOOGL,302.3,1773584107.6746228
MSFT,395.57,1773584110.4947681
AMZN,207.69,1773584114.0757632
TSLA,391.22,1773584115.538224
META,613.73,1773584117.8860402
NVDA,180.27,1773584121.4675307
JPM,283.46,1773584122.9928439
V,307.16,1773584125.5450227
UNH,282.11,1773584127.8951526
AAPL,250.14,1773584166.8596246
GOOGL,302.3,1773584171.754773
MSFT,395.57,1773584176.971047
AMZN,207.69,1773584179.9279442
TSLA,391.22,1773584183.6063173
META,613.73,1773584187.4092855
NVDA,180.27,1773584189.767745
JPM,283.46,1773584193.5680497
V,307.16,1773584194.7864172
UNH,282.11,1773584196.955009
AAPL,250.14,1773584222.846991
GOOGL,302.3,1773584226.418688
MSFT,395.57,1773584227.852513
AMZN,207.69,1773584230.412595
TSLA,391.22,1773584231.771744
META,613.73,1773584234.098963
NVDA,180.27,1773584237.9012916
JPM,283.46,1773584240.4393444
V,307.16,1773584243.1395354
UNH,282.11,1773584247.64165
AAPL,250.14,1773584415.7824686
GOOGL,302.3,1773584426.9199858
MSFT,395.57,1773584443.01315
AMZN,207.69,1773584447.7304769
TSLA,391.22,1773584458.6783957
META,613.73,1773584464.717858
NVDA,180.27,1773584478.0142336
JPM,283.46,1773584486.5242863
V,307.16,1773584488.9689288
UNH,282.11,1773584500.1968436
AAPL,250.14,1773584464.7402818
GOOGL,302.3,1773584475.0803907
MSFT,395.57,1773584479.6809416
AMZN,207.69,1773584485.5969741
TSLA,391.22,1773584487.8779562
META,613.73,1773584500.785227
NVDA,180.27,1773584514.718907
JPM,283.46,1773584519.7078695
V,307.16,1773584525.7533896
UNH,282.11,1773584535.797621
AAPL,250.14,1773584526.7966533
GOOGL,302.3,1773584538.65697
MSFT,395.57,1773584546.7599974
AMZN,207.69,1773584551.7785158
TSLA,391.22,1773584555.7755742
META,613.73,1773584563.76184
NVDA,180.27,1773584565.795542
JPM,283.46,1773584569.7288108
V,307.16,1773584572.1698616
UNH,282.11,1773584577.0351698
AAPL,250.14,1773584582.8934124
GOOGL,302.3,1773584586.772204
MSFT,395.57,1773584592.7003436
AMZN,207.69,1773584596.3982692
TSLA,391.22,1773584598.5510244
META,613.73,1773584599.5891674
NVDA,180.27,1773584601.9240818
JPM,283.46,1773584610.7836704
V,307.16,1773584618.7150311
UNH,282.11,1773584625.9811735
AAPL,250.14,1773584643.742775
GOOGL,302.3,1773584646.7078803
MSFT,395.57,1773584647.9254582
AMZN,207.69,1773584650.1829736
TSLA,391.22,1773584655.8508487
META,613.73,1773584670.735719
NVDA,180.27,1773584674.7608502
JPM,283.46,1773584687.8878427
V,307.16,1773584693.7490313
UNH,282.11,1773584702.7149925
AAPL,250.14,1773584715.8160546
GOOGL,302.3,1773584718.1780863
MSFT,395.57,1773584720.31091
AMZN,207.69,1773584726.7703054
TSLA,391.22,1773584733.6901166
META,613.73,1773584743.7774355
NVDA,180.27,1773584756.7809184
JPM,283.46,1773584764.7438145
V,307.16,1773584774.7858706
UNH,282.11,1773584786.7692692
AAPL,250.14,1773584772.8415067
GOOGL,302.3,1773584787.08656
MSFT,395.57,1773584791.7108383
AMZN,207.69,1773584800.9072778
TSLA,391.22,1773584821.6975877
META,613.73,1773584828.7311554
NVDA,180.27,1773584835.7179232
JPM,283.46,1773584845.8642683
V,307.16,1773584852.780299
UNH,282.11,1773584854.178881
AAPL,250.14,1773584825.814552
GOOGL,302.3,1773584831.809356
MSFT,395.57,1773584845.8791327
AMZN,207.69,1773584854.4661622
TSLA,391.22,1773584870.635781
META,613.73,1773584873.7580187
NVDA,180.27,1773584883.6676888
JPM,283.46,1773584895.7300189
V,307.16,1773584905.8579545
UNH,282.11,1773584913.7999625
AAPL,250.14,1773584895.752449
GOOGL,302.3,1773584904.6201367
MSFT,395.57,1773584913.8007586
AMZN,207.69,1773584953.8010101
TSLA,391.22,1773584961.861195
META,613.73,1773585034.136142
NVDA,180.27,1773585038.7865007
JPM,283.46,1773585042.2634244
V,307.16,1773585044.3844926
UNH,282.11,1773585045.396442
AAPL,250.14,1773585005.7333431
GOOGL,302.3,1773585009.0086284
MSFT,395.57,1773585012.0897806
AMZN,207.69,1773585019.6430843
TSLA,391.22,1773585024.6932142
META,613.73,1773585030.752452
NVDA,180.27,1773585034.6968107
JPM,283.46,1773585041.9465723
V,307.16,1773585045.056501
UNH,282.11,1773585047.5824196
AAPL,250.14,1773585063.459518
GOOGL,302.3,1773585065.499252
MSFT,395.57,1773585067.8585253
AMZN,207.69,1773585071.127067
TSLA,391.22,1773585072.363957
META,613.73,1773585075.9579806
NVDA,180.27,1773585078.4268703
JPM,283.46,1773585080.6724372
V,307.16,1773585083.0230896
UNH,282.11,1773585085.4884293
AAPL,250.14,1773584946.9274936
GOOGL,302.3,1773584949.2773223
MSFT,395.57,1773584951.7975423
AMZN,207.69,1773584961.8615775
TSLA,391.22,1773585099.2980163
META,613.73,1773585101.3848495
NVDA,180.27,1773585105.0415664
JPM,283.46,1773585108.6335967
V,307.16,1773585112.9281414
UNH,282.11,1773585115.4841337
AAPL,250.14,1773585123.9654088
GOOGL,302.3,1773585127.6705616
MSFT,395.57,1773585129.054225
AMZN,207.69,1773585134.6339948
TSLA,391.22,1773585146.7188082
META,613.73,1773585149.8864121
NVDA,180.27,1773585152.5486116
JPM,283.46,1773585155.2344036
V,307.16,1773585160.1135294
UNH,282.11,1773585162.9074123
AAPL,250.14,1773585182.9500642
GOOGL,302.3,1773585185.2108266
MSFT,395.57,1773585188.8890111
AMZN,207.69,1773585191.3593266
TSLA,391.22,1773585193.6023235
META,613.73,1773585197.206592
NVDA,180.27,1773585201.6225722
JPM,283.46,1773585205.681021
V,307.16,1773585208.1652846
UNH,282.11,1773585210.5032554
AAPL,250.14,1773586923.7016346
GOOGL,302.3,1773586924.929987
MSFT,395.57,1773586928.8131533
AMZN,207.69,1773586931.18448
TSLA,391.22,1773586934.8576105
META,613.73,1773586937.619321
NVDA,180.27,1773586940.0785632
JPM,283.46,1773586943.8227658
V,307.16,1773586946.0245588
UNH,282.11,1773586948.1751065
AAPL,250.14,1773586987.2922716
GOOGL,302.3,1773586989.852381
MSFT,395.57,1773586997.4717972
AMZN,207.69,1773587004.0861237
TSLA,391.22,1773587010.4059246
META,613.73,1773587013.4212852
NVDA,180.27,1773587020.2801065
JPM,283.46,1773587026.569213
V,307.16,1773587027.7504945
UNH,282.11,1773587029.8973134
AAPL,250.14,1773587043.3657207
GOOGL,302.3,1773587044.6372404
MSFT,395.57,1773587048.3365073
AMZN,207.69,1773587050.6481688
TSLA,391.22,1773587052.8322396
META,613.73,1773587056.6180058
NVDA,180.27,1773587059.698952
JPM,283.46,1773587063.4067488
V,307.16,1773587067.113292
UNH,282.11,1773587069.2996528
AAPL,250.14,1773587103.3231268
GOOGL,302.3,1773587105.57045
MSFT,395.57,1773587107.718596
AMZN,207.69,1773587110.0793962
TSLA,391.22,1773587113.4770741
META,613.73,1773587117.2594583
NVDA,180.27,1773587125.8459866
JPM,283.46,1773587128.4046597
V,307.16,1773587131.8105414
UNH,282.11,1773587134.0773127
AAPL,250.14,1773587163.1138787
GOOGL,302.3,1773587165.2773254
MSFT,395.57,1773587167.5201867
AMZN,207.69,1773587169.877771
TSLA,391.22,1773587172.24486
META,613.73,1773587174.380258
NVDA,180.27,1773587176.7361503
JPM,283.46,1773587179.0911815
V,307.16,1773587182.7792177
UNH,282.11,1773587186.4637299
AAPL,250.14,1773587224.3809645
GOOGL,302.3,1773587227.0182426
MSFT,395.57,1773587229.2852168
AMZN,207.69,1773587231.7476408
TSLA,391.22,1773587235.4156587
META,613.73,1773587237.7672334
NVDA,180.27,1773587241.145258
JPM,283.46,1773587242.3746593
V,307.16,1773587244.8322163
UNH,282.11,1773587248.3119652
AAPL,250.14,1773587283.3445652
GOOGL,302.3,1773587285.5285988
MSFT,395.57,1773587287.948739
AMZN,207.69,1773587291.527949
TSLA,391.22,1773587295.2513833
META,613.73,1773587297.4694605
NVDA,180.27,1773587301.1598904
JPM,283.46,1773587303.4096773
V,307.16,1773587307.0024972
UNH,282.11,1773587310.5785456
AAPL,250.14,1773587347.8520927
GOOGL,302.3,1773587350.3081641
MSFT,395.57,1773587352.4560657
AMZN,207.69,1773587355.9375527
TSLA,391.22,1773587358.6162663
META,613.73,1773587360.5507975
NVDA,180.27,1773587364.1566794
JPM,283.46,1773587368.0513182
V,307.16,1773587371.4114342
UNH,282.11,1773587378.6147575
AAPL,250.14,1773587405.613465
GOOGL,302.3,1773587408.5731263
MSFT,395.57,1773587412.760037
AMZN,207.69,1773587415.0016432
TSLA,391.22,1773587417.1731157
META,613.73,1773587420.3493357
NVDA,180.27,1773587424.6787517
JPM,283.46,1773587426.9014983
V,307.16,1773587429.6090095
UNH,282.11,1773587432.6442485
AAPL,250.14,1773587464.6064181
GOOGL,302.3,1773587466.9406598
MSFT,395.57,1773587470.5381188
AMZN,207.69,1773587474.108486
TSLA,391.22,1773587477.9030578
META,613.73,1773587480.5655758
NVDA,180.27,1773587482.949049
JPM,283.46,1773587485.0682397
V,307.16,1773587488.5501072
UNH,282.11,1773587490.9003139
AAPL,250.14,1773587522.9615138
GOOGL,302.3,1773587524.3887718
MSFT,395.57,1773587526.6407008
AMZN,207.69,1773587530.4298341
TSLA,391.22,1773587531.8681686
META,613.73,1773587534.0135653
NVDA,180.27,1773587537.706764
JPM,283.46,1773587541.1927211
V,307.16,1773587543.479152
UNH,282.11,1773587547.2242799
AAPL,250.14,1773587588.7008271
GOOGL,302.3,1773587591.0575805
MSFT,395.57,1773587593.106088
AMZN,207.69,1773587595.6680622
TSLA,391.22,1773587599.9661236
META,613.73,1773587604.0585167
NVDA,180.27,1773587608.6660926
JPM,283.46,1773587611.022476
V,307.16,1773587614.3986635
UNH,282.11,1773587616.6586678
AAPL,250.14,1773587650.863867
GOOGL,302.3,1773587654.8577552
MSFT,395.57,1773587655.9754696
AMZN,207.69,1773587658.4345832
TSLA,391.22,1773587662.3350766
META,613.73,1773587667.0768666
NVDA,180.27,1773587670.7201095
JPM,283.46,1773587674.7376132
V,307.16,1773587677.4785624
UNH,282.11,1773587680.0416474
AAPL,250.14,1773587703.286166
GOOGL,302.3,1773587705.5504582
MSFT,395.57,1773587709.3311753
AMZN,207.69,1773587711.988337
TSLA,391.22,1773587715.579482
META,613.73,1773587719.2602096
NVDA,180.27,1773587721.5115514
JPM,283.46,1773587723.8771589
V,307.16,1773587726.118746
UNH,282.11,1773587729.0922456
AAPL,250.14,1773587763.1875782
GOOGL,302.3,1773587765.549699
MSFT,395.57,1773587769.3322163
AMZN,207.69,1773587773.0206823
TSLA,391.22,1773587777.0737214
META,613.73,1773587780.5980732
NVDA,180.27,1773587783.3615613
JPM,283.46,1773587787.0513487
V,307.16,1773587790.7935324
UNH,282.11,1773587794.5313315
AAPL,250.14,1773587829.854664
GOOGL,302.3,1773587831.3795514
MSFT,395.57,1773587833.8488717
AMZN,207.69,1773587839.0684223
TSLA,391.22,1773587841.6303182
META,613.73,1773587844.1882305
NVDA,180.27,1773587846.4470162
JPM,283.46,1773587852.184064
V,307.16,1773587854.5309892
UNH,282.11,1773587856.9038854
AAPL,250.14,1773587883.6193073
GOOGL,302.3,1773587885.7054243
MSFT,395.57,1773587888.2241762
AMZN,207.69,1773587890.8269656
TSLA,391.22,1773587895.8628705
META,613.73,1773587899.689504
NVDA,180.27,1773587904.2311969
JPM,283.46,1773587906.9606984
V,307.16,1773587910.0328646
UNH,282.11,1773587913.1049132
AAPL,250.14,1773587945.9952
GOOGL,302.3,1773587948.2304332
MSFT,395.57,1773587951.2026448
AMZN,207.69,1773587953.462667
TSLA,391.22,1773587968.2985156
META,613.73,1773587973.3157322
NVDA,180.27,1773587980.6956694
JPM,283.46,1773587991.3320382
V,307.16,1773587996.3603103
UNH,282.11,1773588000.2939124
AAPL,250.14,1773588064.2506044
GOOGL,302.3,1773588073.2672515
MSFT,395.57,1773588081.4531074
AMZN,207.69,1773588085.1368923
TSLA,391.22,1773588087.699971
META,613.73,1773588090.2606852
NVDA,180.27,1773588094.0749416
JPM,283.46,1773588096.506108
V,307.16,1773588099.2875392
UNH,282.11,1773588102.9443321
AAPL,250.14,1773588123.846333
GOOGL,302.3,1773588127.4307685
MSFT,395.57,1773588129.6901681
AMZN,207.69,1773588131.935619
TSLA,391.22,1773588133.4990914
META,613.73,1773588137.071616
NVDA,180.27,1773588140.659259
JPM,283.46,1773588144.348773
V,307.16,1773588146.7834513
UNH,282.11,1773588150.574875
AAPL,250.14,1773588185.6084843
GOOGL,302.3,1773588188.065204
MSFT,395.57,1773588192.970793
AMZN,207.69,1773588196.984092
TSLA,391.22,1773588200.6608958
META,613.73,1773588203.1135225
NVDA,180.27,1773588205.460185
JPM,283.46,1773588207.7331498
V,307.16,1773588211.3996084
UNH,282.11,1773588215.066007
AAPL,250.14,1773588244.6837852
GOOGL,302.3,1773588246.9492915
MSFT,395.57,1773588249.1857407
AMZN,207.69,1773588251.5409136
TSLA,391.22,1773588253.801519
META,613.73,1773588255.8528945
NVDA,180.27,1773588259.4894705
JPM,283.46,1773588261.5883963
V,307.16,1773588263.8290555
UNH,282.11,1773588266.291291
AAPL,250.14,1773588303.349613
GOOGL,302.3,1773588305.7277608
MSFT,395.57,1773588308.0678823
AMZN,207.69,1773588311.8576486
TSLA,391.22,1773588317.3949857
META,613.73,1773588324.2458336
NVDA,180.27,1773588329.4931197
JPM,283.46,1773588331.8029656
V,307.16,1773588336.6432843
UNH,282.11,1773588341.5036442
AAPL,250.14,1773588363.5923562
GOOGL,302.3,1773588367.3639545
MSFT,395.57,1773588371.5709977
AMZN,207.69,1773588375.2428021
TSLA,391.22,1773588378.520292
META,613.73,1773588383.6387198
NVDA,180.27,1773588387.242913
JPM,283.46,1773588389.5863488
V,307.16,1773588394.6326306
UNH,282.11,1773588398.2971332
AAPL,250.14,1773588423.4193187
GOOGL,302.3,1773588426.8531668
MSFT,395.57,1773588429.0038772
AMZN,207.69,1773588431.3820198
TSLA,391.22,1773588433.8379073
META,613.73,1773588435.453901
NVDA,180.27,1773588437.8097005
JPM,283.46,1773588440.2670603
V,307.16,1773588442.7022398
UNH,282.11,1773588446.2064824
AAPL,250.14,1773588487.2905724
GOOGL,302.3,1773588494.5675762
MSFT,395.57,1773588501.6263938
AMZN,207.69,1773588506.9548259
TSLA,391.22,1773588509.5982153
META,613.73,1773588513.9996068
NVDA,180.27,1773588518.4008222
JPM,283.46,1773588521.6940691
V,307.16,1773588525.3855467
UNH,282.11,1773588527.6168613
AAPL,250.14,1773588544.4383144
GOOGL,302.3,1773588548.007711
MSFT,395.57,1773588550.2470033
AMZN,207.69,1773588552.508232
TSLA,391.22,1773588554.956748
META,613.73,1773588557.4340646
NVDA,180.27,1773588560.9917371
JPM,283.46,1773588563.2741003
V,307.16,1773588565.40162
UNH,282.11,1773588567.6660306
AAPL,250.14,1773588603.5338283
GOOGL,302.3,1773588604.7237382
MSFT,395.57,1773588607.1914713
AMZN,207.69,1773588609.3739552
TSLA,391.22,1773588611.5845366
META,613.73,1773588614.045892
NVDA,180.27,1773588617.6553133
JPM,283.46,1773588620.1858478
V,307.16,1773588622.7651896
UNH,282.11,1773588625.2034063
AAPL,250.14,1773588663.9122703
GOOGL,302.3,1773588665.0910604
MSFT,395.57,1773588667.5202372
AMZN,207.69,1773588671.182809
TSLA,391.22,1773588675.2787702
META,613.73,1773588677.653872
NVDA,180.27,1773588681.1223552
JPM,283.46,1773588683.573076
V,307.16,1773588696.288283
UNH,282.11,1773588698.0428414
AAPL,250.14,1773588843.050078
GOOGL,302.3,1773588845.367997
MSFT,395.57,1773588848.9010708
AMZN,207.69,1773588851.101962
TSLA,391.22,1773588853.2522066
META,613.73,1773588856.8364966
NVDA,180.27,1773588860.4041853
JPM,283.46,1773588862.6729424
V,307.16,1773588864.9268086
UNH,282.11,1773588867.227462
AAPL,250.14,1773588903.2238421
GOOGL,302.3,1773588906.8162177
MSFT,395.57,1773588909.0629058
AMZN,207.69,1773588911.212707
TSLA,391.22,1773588913.361586
META,613.73,1773588917.0628886
NVDA,180.27,1773588919.1138048
JPM,283.46,1773588921.2457051
V,307.16,1773588923.5019128
UNH,282.11,1773588927.1944997
AAPL,250.14,1773588963.2709842
GOOGL,302.3,1773588966.717943
MSFT,395.57,1773588970.4005103
AMZN,207.69,1773588972.6769838
TSLA,391.22,1773588975.333549
META,613.73,1773588978.7170033
NVDA,180.27,1773588981.891943
JPM,283.46,1773588984.3467054
V,307.16,1773588988.9472902
UNH,282.11,1773588991.0915616
AAPL,250.14,1773589023.1364105
GOOGL,302.3,1773589025.8150427
MSFT,395.57,1773589029.5050695
AMZN,207.69,1773589031.8878844
TSLA,391.22,1773589034.197925
META,613.73,1773589036.4654055
NVDA,180.27,1773589038.010247
JPM,283.46,1773589041.5466125
V,307.16,1773589043.923513
UNH,282.11,1773589046.3967316
AAPL,250.14,1773589084.398261
GOOGL,302.3,1773589088.1925323
MSFT,395.57,1773589090.5189826
AMZN,207.69,1773589093.0198712
TSLA,391.22,1773589095.1636426
META,613.73,1773589098.7082055
NVDA,180.27,1773589102.0974846
JPM,283.46,1773589104.6789417
V,307.16,1773589111.9499648
UNH,282.11,1773589114.273601
AAPL,250.14,1773589144.689808
GOOGL,302.3,1773589148.4767067
MSFT,395.57,1773589150.7274134
AMZN,207.69,1773589152.9877238
TSLA,391.22,1773589156.7024832
META,613.73,1773589160.3072643
NVDA,180.27,1773589162.7206595
JPM,283.46,1773589164.963014
V,307.16,1773589168.6365137
UNH,282.11,1773589172.43972
AAPL,250.14,1773589203.4915895
GOOGL,302.3,1773589205.8229218
MSFT,395.57,1773589208.1703064
AMZN,207.69,1773589210.2234366
TSLA,391.22,1773589214.04827
META,613.73,1773589216.2775152
NVDA,180.27,1773589218.5180166
JPM,283.46,1773589220.7600553
V,307.16,1773589223.1258333
UNH,282.11,1773589226.8312285
AAPL,250.14,1773589264.700926
GOOGL,302.3,1773589268.5172892
MSFT,395.57,1773589270.7475045
AMZN,207.69,1773589272.9959767
TSLA,391.22,1773589275.3663304
META,613.73,1773589277.6342664
NVDA,180.27,1773589281.3929133
JPM,283.46,1773589282.642601
V,307.16,1773589286.4458985
UNH,282.11,1773589289.100902
AAPL,250.14,1773589323.204883
GOOGL,302.3,1773589325.455544
MSFT,395.57,1773589328.3948267
AMZN,207.69,1773589330.6500244
TSLA,391.22,1773589333.6183171
META,613.73,1773589337.2012057
NVDA,180.27,1773589338.5322702
JPM,283.46,1773589340.8300455
V,307.16,1773589343.0559168
UNH,282.11,1773589345.293177
AAPL,250.14,1773589384.1560066
GOOGL,302.3,1773589387.4955063
MSFT,395.57,1773589389.7330523
AMZN,207.69,1773589391.8427324
TSLA,391.22,1773589394.034247
META,613.73,1773589397.8293555
NVDA,180.27,1773589402.3323436
JPM,283.46,1773589403.4467962
V,307.16,1773589404.6866477
UNH,282.11,1773589408.286335
AAPL,250.14,1773589443.7017534
GOOGL,302.3,1773589448.5137105
MSFT,395.57,1773589452.338932
AMZN,207.69,1773589455.9101086
TSLA,391.22,1773589458.1582017
META,613.73,1773589461.888298
NVDA,180.27,1773589464.4977846
JPM,283.46,1773589466.8419604
V,307.16,1773589470.425668
UNH,282.11,1773589472.576079
AAPL,250.14,1773589508.834651
GOOGL,302.3,1773589516.7122204
MSFT,395.57,1773589521.7033427
AMZN,207.69,1773589525.7487285
TSLA,391.22,1773589533.9185965
META,613.73,1773589543.7667835
NVDA,180.27,1773589551.7452152
JPM,283.46,1773589559.7457378
V,307.16,1773589567.7721007
UNH,282.11,1773589576.8374674
AAPL,250.14,1773589566.6889756
GOOGL,302.3,1773589578.7234282
MSFT,395.57,1773589586.6690512
AMZN,207.69,1773589593.010498
TSLA,391.22,1773589596.6016948
META,613.73,1773589600.2702956
NVDA,180.27,1773589602.522322
JPM,283.46,1773589604.7771435
V,307.16,1773589607.96456
UNH,282.11,1773589613.688747
AAPL,250.14,1773590223.2071662
GOOGL,302.3,1773590225.866235
MSFT,395.57,1773590228.5576832
AMZN,207.69,1773590231.3907313
TSLA,391.22,1773590235.1769943
META,613.73,1773590237.719783
NVDA,180.27,1773590239.9799926
JPM,283.46,1773590242.231357
V,307.16,1773590243.9423268
UNH,282.11,1773590246.3669393
AAPL,250.14,1773590283.6026783
GOOGL,302.3,1773590286.7732043
MSFT,395.57,1773590290.7660644
AMZN,207.69,1773590296.8706686
TSLA,391.22,1773590299.8657615
META,613.73,1773590303.118129
NVDA,180.27,1773590306.84679
JPM,283.46,1773590309.3035617
V,307.16,1773590312.984815
UNH,282.11,1773590315.6480064
AAPL,250.14,1773590343.8096333
GOOGL,302.3,1773590346.1312134
MSFT,395.57,1773590348.623807
AMZN,207.69,1773590352.401009
TSLA,391.22,1773590354.7011893
META,613.73,1773590357.4483318
NVDA,180.27,1773590360.2572303
JPM,283.46,1773590363.161681
V,307.16,1773590365.8237941
UNH,282.11,1773590368.079552
AAPL,250.14,1773590403.6567478
GOOGL,302.3,1773590407.0822244
MSFT,395.57,1773590409.6527889
AMZN,207.69,1773590413.3876457
TSLA,391.22,1773590414.8580325
META,613.73,1773590416.125823
NVDA,180.27,1773590421.2242606
JPM,283.46,1773590423.6867244
V,307.16,1773590427.776479
UNH,282.11,1773590431.5928345
AAPL,250.14,1773590463.8220046
GOOGL,302.3,1773590466.404182
MSFT,395.57,1773590469.370031
AMZN,207.69,1773590472.1375
TSLA,391.22,1773590474.8815758
META,613.73,1773590480.514531
NVDA,180.27,1773590483.177355
JPM,283.46,1773590487.2728217
V,307.16,1773590489.6628182
UNH,282.11,1773590491.2659607
AAPL,250.14,1773590523.3175857
GOOGL,302.3,1773590525.9836318
MSFT,395.57,1773590529.5726254
AMZN,207.69,1773590532.2262115
TSLA,391.22,1773590535.8105726
META,613.73,1773590540.524043
NVDA,180.27,1773590543.3990192
JPM,283.46,1773590546.2552953
V,307.16,1773590549.7441278
UNH,282.11,1773590554.2490509
AAPL,250.14,1773590585.9857736
GOOGL,302.3,1773590589.9807158
MSFT,395.57,1773590595.0116673
AMZN,207.69,1773590598.3302462
TSLA,391.22,1773590601.4549475
META,613.73,1773590605.5553021
NVDA,180.27,1773590608.2200935
JPM,283.46,1773590612.9417098
V,307.16,1773590615.4982412
UNH,282.11,1773590620.5991924
AAPL,250.14,1773590644.1528919
GOOGL,302.3,1773590648.3502455
MSFT,395.57,1773590650.8074186
AMZN,207.69,1773590654.6037507
TSLA,391.22,1773590657.1954281
META,613.73,1773590660.0598624
NVDA,180.27,1773590663.915735
JPM,283.46,1773590665.290484
V,307.16,1773590668.0113118
UNH,282.11,1773590671.8027062
AAPL,250.14,1773590704.261172
GOOGL,302.3,1773590706.9237442
MSFT,395.57,1773590712.350718
AMZN,207.69,1773590715.9438205
TSLA,391.22,1773590721.5686622
META,613.73,1773590723.825191
NVDA,180.27,1773590727.9157882
JPM,283.46,1773590731.192488
V,307.16,1773590736.519116
UNH,282.11,1773590741.284833
AAPL,250.14,1773590771.231629
GOOGL,302.3,1773590776.1588693
MSFT,395.57,1773590781.9843917
AMZN,207.69,1773590784.445288
TSLA,391.22,1773590788.5373034
META,613.73,1773590793.2481644
NVDA,180.27,1773590795.3991406
JPM,283.46,1773590800.2209365
V,307.16,1773590805.4335456
UNH,282.11,1773590809.631705
AAPL,250.14,1773590823.9753592
GOOGL,302.3,1773590826.530953
MSFT,395.57,1773590828.9863076
AMZN,207.69,1773590832.9878945
TSLA,391.22,1773590837.7925658
META,613.73,1773590840.8653038
NVDA,180.27,1773590844.96814
JPM,283.46,1773590847.5207176
V,307.16,1773590852.5380542
UNH,282.11,1773590855.4050708
AAPL,250.14,1773590883.975683
GOOGL,302.3,1773590888.48843
MSFT,395.57,1773590890.938835
AMZN,207.69,1773590893.4989917
TSLA,391.22,1773590896.4694765
META,613.73,1773590898.9309263
NVDA,180.27,1773590903.0222323
JPM,283.46,1773590906.8451219
V,307.16,1773590909.900734
UNH,282.11,1773590913.979539
AAPL,250.14,1773590943.5732613
GOOGL,302.3,1773590948.488265
MSFT,395.57,1773590952.3874528
AMZN,207.69,1773590954.6325204
TSLA,391.22,1773590958.6193318
META,613.73,1773590962.312913
NVDA,180.27,1773590966.2208436
JPM,283.46,1773590968.6724467
V,307.16,1773590973.8851943
UNH,282.11,1773590976.341907
AAPL,250.14,1773591003.8892891
GOOGL,302.3,1773591009.3326538
MSFT,395.57,1773591014.641042
AMZN,207.69,1773591019.3503327
TSLA,391.22,1773591022.1523116
META,613.73,1773591025.0944345
NVDA,180.27,1773591029.2372234
JPM,283.46,1773591034.217427
V,307.16,1773591039.2422433
UNH,282.11,1773591046.0773325
AAPL,250.14,1773591074.135495
GOOGL,302.3,1773591077.0100513
MSFT,395.57,1773591080.698273
AMZN,207.69,1773591085.8432696
TSLA,391.22,1773591091.6589355
META,613.73,1773591095.5465229
NVDA,180.27,1773591097.4932418
JPM,283.46,1773591100.0968053
V,307.16,1773591104.1529374
UNH,282.11,1773591107.0059476
AAPL,250.14,1773591124.3858104
GOOGL,302.3,1773591125.8494706
MSFT,395.57,1773591128.5122209
AMZN,207.69,1773591133.8430715
TSLA,391.22,1773591139.0586362
META,613.73,1773591144.0762038
NVDA,180.27,1773591148.4270751
JPM,283.46,1773591152.9842067
V,307.16,1773591156.2785482
UNH,282.11,1773591160.152554
AAPL,250.14,1773591183.5108492
GOOGL,302.3,1773591187.8006577
MSFT,395.57,1773591191.4925346
AMZN,207.69,1773591194.5853548
TSLA,391.22,1773591197.2658591
META,613.73,1773591203.6853597
NVDA,180.27,1773591208.6916122
JPM,283.46,1773591213.5356233
V,307.16,1773591216.2759159
UNH,282.11,1773591220.059049
AAPL,250.14,1773591244.1222603
GOOGL,302.3,1773591247.616486
MSFT,395.57,1773591250.2700431
AMZN,207.69,1773591256.009755
TSLA,391.22,1773591261.4272115
META,613.73,1773591265.1629927
NVDA,180.27,1773591269.4320252
JPM,283.46,1773591273.8181138
V,307.16,1773591277.095242
UNH,282.11,1773591279.9623134
AAPL,250.14,1773591303.250517
GOOGL,302.3,1773591309.1463566
MSFT,395.57,1773591311.708422
AMZN,207.69,1773591317.8519216
TSLA,391.22,1773591323.5757685
META,613.73,1773591325.344068
NVDA,180.27,1773591330.450567
JPM,283.46,1773591332.2145956
V,307.16,1773591336.817262
UNH,282.11,1773591340.8937595
AAPL,250.14,1773591371.5089889
GOOGL,302.3,1773591374.9905622
MSFT,395.57,1773591379.9306543
AMZN,207.69,1773591385.1285872
TSLA,391.22,1773591392.5024817
META,613.73,1773591395.0680957
NVDA,180.27,1773591398.7484643
JPM,283.46,1773591400.8987827
V,307.16,1773591403.356474
UNH,282.11,1773591406.1207724
AAPL,250.14,1773591429.9818187
GOOGL,302.3,1773591432.643347
MSFT,395.57,1773591434.8299944
AMZN,207.69,1773591437.659796
TSLA,391.22,1773591441.449313
META,613.73,1773591444.0103874
NVDA,180.27,1773591448.8333948
JPM,283.46,1773591452.9180334
V,307.16,1773591455.2732935
UNH,282.11,1773591457.8360918
AAPL,250.14,1773591485.0754366
GOOGL,302.3,1773591488.991206
MSFT,395.57,1773591492.654487
AMZN,207.69,1773591495.312277
TSLA,391.22,1773591499.4084687
META,613.73,1773591503.9143064
NVDA,180.27,1773591508.7282894
JPM,283.46,1773591513.6435604
V,307.16,1773591514.973425
UNH,282.11,1773591518.8660326
AAPL,250.14,1773591545.4007895
GOOGL,302.3,1773591548.3595228
MSFT,395.57,1773591551.0707908
AMZN,207.69,1773591554.9100173
TSLA,391.22,1773591560.6555433
META,613.73,1773591563.312971
NVDA,180.27,1773591572.8340526
JPM,283.46,1773591576.414433
V,307.16,1773591581.1275692
UNH,282.11,1773591582.7111855
AAPL,250.14,1773591604.8958576
GOOGL,302.3,1773591607.6538835
MSFT,395.57,1773591611.5378191
AMZN,207.69,1773591616.0497751
TSLA,391.22,1773591618.710678
META,613.73,1773591621.2661223
NVDA,180.27,1773591623.7260075
JPM,283.46,1773591627.615335
V,307.16,1773591630.9943542
UNH,282.11,1773591634.092376
AAPL,250.14,1773591664.2777538
GOOGL,302.3,1773591669.6775432
MSFT,395.57,1773591673.9020655
AMZN,207.69,1773591677.5961144
TSLA,391.22,1773591680.3544035
META,613.73,1773591682.9510932
NVDA,180.27,1773591688.1343126
JPM,283.46,1773591690.6943166
V,307.16,1773591693.460487
UNH,282.11,1773591698.6814623
AAPL,250.14,1773591725.3440583
GOOGL,302.3,1773591726.6651855
MSFT,395.57,1773591730.632766
AMZN,207.69,1773591734.3172562
TSLA,391.22,1773591738.5205936
META,613.73,1773591742.9187264
NVDA,180.27,1773591746.7166343
JPM,283.46,1773591751.6238334
V,307.16,1773591757.4604049
UNH,282.11,1773591761.4567795
AAPL,250.14,1773591785.1096704
GOOGL,302.3,1773591790.2287495
MSFT,395.57,1773591795.247328
AMZN,207.69,1773591796.7824688
TSLA,391.22,1773591801.5103474
META,613.73,1773591805.2820716
NVDA,180.27,1773591809.7881563
JPM,283.46,1773591814.3207011
V,307.16,1773591818.5016804
UNH,282.11,1773591822.494172
AAPL,250.14,1773591843.9956927
GOOGL,302.3,1773591849.0323005
MSFT,395.57,1773591854.3036723
AMZN,207.69,1773591860.4309163
TSLA,391.22,1773591863.8437319
META,613.73,1773591866.2142005
NVDA,180.27,1773591868.8728306
JPM,283.46,1773591872.5593362
V,307.16,1773591875.3239117
UNH,282.11,1773591879.0103333
AAPL,250.14,1773591903.1778054
GOOGL,302.3,1773591907.0739713
MSFT,395.57,1773591912.3934739
AMZN,207.69,1773591917.4114199
TSLA,391.22,1773591919.9747887
META,613.73,1773591923.5551465
NVDA,180.27,1773591927.4465382
JPM,283.46,1773591931.4402833
V,307.16,1773591936.4579732
UNH,282.11,1773591940.349146
AAPL,250.14,1773591965.8499792
GOOGL,302.3,1773591970.9675224
MSFT,395.57,1773591977.0086863
AMZN,207.69,1773591982.1333025
TSLA,391.22,1773591984.9959822
META,613.73,1773591987.580574
NVDA,180.27,1773591991.652315
JPM,283.46,1773591995.236851
V,307.16,1773591998.0013363
UNH,282.11,1773592005.271704
AAPL,250.14,1773592023.4994912
GOOGL,302.3,1773592025.5481994
MSFT,395.57,1773592030.3289838
AMZN,207.69,1773592033.1438024
TSLA,391.22,1773592037.233743
META,613.73,1773592041.4245098
NVDA,180.27,1773592045.5153158
JPM,283.46,1773592051.6596417
V,307.16,1773592056.5753014
UNH,282.11,1773592058.931118
AAPL,250.14,1773592083.1105778
GOOGL,302.3,1773592088.1559389
MSFT,395.57,1773592093.258234
AMZN,207.69,1773592103.884229
TSLA,391.22,1773592107.5763962
META,613.73,1773592114.8554778
NVDA,180.27,1773592117.6061003
JPM,283.46,1773592121.3951628
V,307.16,1773592126.412689
UNH,282.11,1773592128.9723332
AAPL,250.14,1773592144.2325542
GOOGL,302.3,1773592146.895235
MSFT,395.57,1773592150.681776
AMZN,207.69,1773592155.2898035
TSLA,391.22,1773592160.0002499
META,613.73,1773592164.6453283
NVDA,180.27,1773592170.0680497
JPM,283.46,1773592174.3381045
V,307.16,1773592180.8048546
UNH,282.11,1773592186.9343388
AAPL,250.14,1773592204.593576
GOOGL,302.3,1773592207.412058
MSFT,395.57,1773592211.40621
AMZN,207.69,1773592215.6042244
TSLA,391.22,1773592220.5194948
META,613.73,1773592226.6689522
NVDA,180.27,1773592230.6754055
JPM,283.46,1773592234.9949422
V,307.16,1773592238.9518914
UNH,282.11,1773592241.4105883
AAPL,250.14,1773592264.4592915
GOOGL,302.3,1773592267.8324392
MSFT,395.57,1773592271.8232727
AMZN,207.69,1773592274.4851215
TSLA,391.22,1773592278.1715508
META,613.73,1773592280.6292593
NVDA,180.27,1773592283.1899266
JPM,283.46,1773592285.749265
V,307.16,1773592289.845552
UNH,282.11,1773592293.941518
AAPL,250.14,1773592323.3817117
GOOGL,302.3,1773592326.1215773
MSFT,395.57,1773592327.9397986
AMZN,207.69,1773592331.7495754
TSLA,391.22,1773592334.185172
META,613.73,1773592336.9499779
NVDA,180.27,1773592342.2748582
JPM,283.46,1773592346.9854462
V,307.16,1773592349.5451865
UNH,282.11,1773592352.1056495
AAPL,250.14,1773592383.6454904
GOOGL,302.3,1773592385.0787618
MSFT,395.57,1773592387.929695
AMZN,207.69,1773592391.5299473
TSLA,391.22,1773592396.0355554
META,613.73,1773592400.2350354
NVDA,180.27,1773592405.8663523
JPM,283.46,1773592410.986508
V,307.16,1773592413.9558666
UNH,282.11,1773592417.437705
AAPL,250.14,1773592444.0877757
GOOGL,302.3,1773592448.2688172
MSFT,395.57,1773592454.6225636
AMZN,207.69,1773592457.3740118
TSLA,391.22,1773592462.509989
META,613.73,1773592465.0547721
NVDA,180.27,1773592469.6627061
JPM,283.46,1773592472.2802405
V,307.16,1773592477.6598911
UNH,282.11,1773592484.4087973
AAPL,250.14,1773592503.8653054
GOOGL,302.3,1773592506.3231142
MSFT,395.57,1773592512.3640468
AMZN,207.69,1773592516.5621376
TSLA,391.22,1773592523.0242567
META,613.73,1773592527.947664
NVDA,180.27,1773592534.4821327
JPM,283.46,1773592537.1456363
V,307.16,1773592538.5784013
UNH,282.11,1773592541.4705794
AAPL,250.14,1773592563.770291
GOOGL,302.3,1773592569.2991328
MSFT,395.57,1773592574.5067277
AMZN,207.69,1773592577.8039296
TSLA,391.22,1773592582.8389733
META,613.73,1773592593.7135527
NVDA,180.27,1773592600.319898
JPM,283.46,1773592602.0677674
V,307.16,1773592606.884764
UNH,282.11,1773592610.7945962
AAPL,250.14,1773592632.7181149
GOOGL,302.3,1773592636.445626
MSFT,395.57,1773592639.8787956
AMZN,207.69,1773592643.0339065
TSLA,391.22,1773592645.5881288
META,613.73,1773592654.1911159
NVDA,180.27,1773592658.598263
JPM,283.46,1773592661.100202
V,307.16,1773592663.7113101
UNH,282.11,1773592669.7562416
AAPL,250.14,1773592687.7824142
GOOGL,302.3,1773592691.7966156
MSFT,395.57,1773592695.662148
AMZN,207.69,1773592698.3252733
TSLA,391.22,1773592700.7823327
META,613.73,1773592704.8802838
NVDA,180.27,1773592707.847863
JPM,283.46,1773592712.0464828
V,307.16,1773592717.0642195
UNH,282.11,1773592721.0615835
AAPL,250.14,1773592743.3818023
GOOGL,302.3,1773592747.375543
MSFT,395.57,1773592748.809991
AMZN,207.69,1773592751.2658882
TSLA,391.22,1773592756.5912194
META,613.73,1773592763.0423207
NVDA,180.27,1773592765.4317622
JPM,283.46,1773592771.8575387
V,307.16,1773592778.0955539
UNH,282.11,1773592781.4750628
AAPL,250.14,1773592803.7993283
GOOGL,302.3,1773592808.713414
MSFT,395.57,1773592814.6540558
AMZN,207.69,1773592817.440739
TSLA,391.22,1773592821.5604286
META,613.73,1773592824.795031
NVDA,180.27,1773592829.910563
JPM,283.46,1773592835.0302038
V,307.16,1773592841.107172
UNH,282.11,1773592846.806689
AAPL,250.14,1773592864.7311144
GOOGL,302.3,1773592867.3934567
MSFT,395.57,1773592872.4487944
AMZN,207.69,1773592876.5095325
TSLA,391.22,1773592880.7251697
META,613.73,1773592884.8775303
NVDA,180.27,1773592889.851652
JPM,283.46,1773592892.2757254
V,307.16,1773592893.8090217
UNH,282.11,1773592900.9771435
AAPL,250.14,1773592925.7586677
GOOGL,302.3,1773592930.7762535
MSFT,395.57,1773592936.5186644
AMZN,207.69,1773592939.5833476
TSLA,391.22,1773592942.4499767
META,613.73,1773592946.6489596
NVDA,180.27,1773592951.463433
JPM,283.46,1773592961.496546
V,307.16,1773592964.266504
UNH,282.11,1773592969.2842062
AAPL,250.14,1773592984.0247047
GOOGL,302.3,1773592989.4616044
MSFT,395.57,1773592993.9719055
AMZN,207.69,1773592998.0550334
TSLA,391.22,1773593002.6357007
META,613.73,1773593004.19844
NVDA,180.27,1773593007.7946568
JPM,283.46,1773593013.4147058
V,307.16,1773593015.9740298
UNH,282.11,1773593022.1183214
AAPL,250.14,1773593043.6225126
GOOGL,302.3,1773593048.8221104
MSFT,395.57,1773593052.9415982
AMZN,207.69,1773593059.1112254
TSLA,391.22,1773593065.951382
META,613.73,1773593071.785643
NVDA,180.27,1773593075.4695103
JPM,283.46,1773593078.1569934
V,307.16,1773593081.4433377
UNH,282.11,1773593088.5796463
AAPL,250.14,1773593103.733733
GOOGL,302.3,1773593109.3661733
MSFT,395.57,1773593111.019958
AMZN,207.69,1773593113.8702757
TSLA,391.22,1773593117.556155
META,613.73,1773593121.5518067
NVDA,180.27,1773593126.0480247
JPM,283.46,1773593128.7183094
V,307.16,1773593133.9407077
UNH,282.11,1773593138.0360963
AAPL,250.14,1773593163.1256583
GOOGL,302.3,1773593167.2470617
MSFT,395.57,1773593171.8289843
AMZN,207.69,1773593174.9015157
TSLA,391.22,1773593179.099417
META,613.73,1773593182.6908975
NVDA,180.27,1773593187.725151
JPM,283.46,1773593192.30911
V,307.16,1773593197.0194347
UNH,282.11,1773593201.9348102
AAPL,250.14,1773593223.2355592
GOOGL,302.3,1773593224.8772473
MSFT,395.57,1773593230.609041
AMZN,207.69,1773593235.3196025
TSLA,391.22,1773593242.7481813
META,613.73,1773593247.7127438
NVDA,180.27,1773593255.7999387
JPM,283.46,1773593259.8015428
V,307.16,1773593263.691988
UNH,282.11,1773593267.6771626
AAPL,250.14,1773593297.5796304
GOOGL,302.3,1773593301.4695363
MSFT,395.57,1773593305.6679838
AMZN,207.69,1773593312.221819
TSLA,391.22,1773593316.7430313
META,613.73,1773593324.9096892
NVDA,180.27,1773593329.733189
JPM,283.46,1773593332.3944252
V,307.16,1773593334.9711757
UNH,282.11,1773593339.050329
AAPL,250.14,1773593343.3559844
GOOGL,302.3,1773593348.6761732
MSFT,395.57,1773593353.182123
AMZN,207.69,1773593359.1211069
TSLA,391.22,1773593362.1564052
META,613.73,1773593366.8011658
NVDA,180.27,1773593369.6693134
JPM,283.46,1773593375.095718
V,307.16,1773593379.3967106
UNH,282.11,1773593388.4373798
AAPL,250.14,1773593403.6669023
GOOGL,302.3,1773593407.3537703
MSFT,395.57,1773593411.5507438
AMZN,207.69,1773593416.4659553
TSLA,391.22,1773593420.5627186
META,613.73,1773593425.5795732
NVDA,180.27,1773593430.8120236
JPM,283.46,1773593435.4136539
V,307.16,1773593439.877163
UNH,282.11,1773593448.4514084
AAPL,250.14,1773593466.1308737
GOOGL,302.3,1773593469.8176544
MSFT,395.57,1773593475.2451737
AMZN,207.69,1773593479.44298
TSLA,391.22,1773593481.7983549
META,613.73,1773593484.4605572
NVDA,180.27,1773593488.0445678
JPM,283.46,1773593491.637609
V,307.16,1773593494.3947647
UNH,282.11,1773593498.6948361
AAPL,250.14,1773593524.7048204
GOOGL,302.3,1773593528.903107
MSFT,395.57,1773593535.9684627
AMZN,207.69,1773593539.8608167
TSLA,391.22,1773593545.08264
META,613.73,1773593547.5684352
NVDA,180.27,1773593551.0213828
JPM,283.46,1773593554.9137774
V,307.16,1773593561.484855
UNH,282.11,1773593566.8624208
AAPL,250.14,1773593584.3329973
GOOGL,302.3,1773593585.8063734
MSFT,395.57,1773593589.0125558
AMZN,207.69,1773593593.1386664
TSLA,391.22,1773593597.3071826
META,613.73,1773593602.529423
NVDA,180.27,1773593609.6145203
JPM,283.46,1773593613.6914496
V,307.16,1773593618.2994158
UNH,282.11,1773593621.155503
AAPL,250.14,1773593643.7974815
GOOGL,302.3,1773593646.3579218
MSFT,395.57,1773593652.095499
AMZN,207.69,1773593654.7551565
TSLA,391.22,1773593661.9296012
META,613.73,1773593664.5851398
NVDA,180.27,1773593667.3988457
JPM,283.46,1773593671.4465108
V,307.16,1773593674.1079876
UNH,282.11,1773593679.127565
AAPL,250.14,1773593704.8309317
GOOGL,302.3,1773593708.925048
MSFT,395.57,1773593713.0218441
AMZN,207.69,1773593716.5029938
TSLA,391.22,1773593719.062902
META,613.73,1773593724.8126824
NVDA,180.27,1773593729.9176338
JPM,283.46,1773593731.4262903
V,307.16,1773593736.3682158
UNH,282.11,1773593740.4642775
AAPL,250.14,1773593763.6101723
GOOGL,302.3,1773593765.1432204
MSFT,395.57,1773593767.9082294
AMZN,207.69,1773593777.2288916
TSLA,391.22,1773593779.898285
META,613.73,1773593786.4425726
NVDA,180.27,1773593789.9242005
JPM,283.46,1773593792.5867083
V,307.16,1773593796.7851737
UNH,282.11,1773593801.9449625
AAPL,250.14,1773593823.102574
GOOGL,302.3,1773593827.3042414
MSFT,395.57,1773593833.5471246
AMZN,207.69,1773593838.993831
TSLA,391.22,1773593841.5348742
META,613.73,1773593847.385026
NVDA,180.27,1773593853.0894344
JPM,283.46,1773593857.6195486
V,307.16,1773593863.4694378
UNH,282.11,1773593867.6534698
AAPL,250.14,1773593883.9837441
GOOGL,302.3,1773593888.653088
MSFT,395.57,1773593892.7423882
AMZN,207.69,1773593895.4507291
TSLA,391.22,1773593897.8559952
META,613.73,1773593900.5178258
NVDA,180.27,1773593905.1259606
JPM,283.46,1773593907.8914897
V,307.16,1773593911.8992045
UNH,282.11,1773593916.3902285
AAPL,250.14,1773593943.6299424
GOOGL,302.3,1773593952.230627
MSFT,395.57,1773593955.4050539
AMZN,207.69,1773593958.284207
TSLA,391.22,1773593963.3923087
META,613.73,1773593972.5058012
NVDA,180.27,1773593977.4219222
JPM,283.46,1773593982.3371925
V,307.16,1773593987.3625584
UNH,282.11,1773593991.5537596
AAPL,250.14,1773594003.7530804
GOOGL,302.3,1773594006.2082446
MSFT,395.57,1773594010.5018988
AMZN,207.69,1773594015.5311651
TSLA,391.22,1773594020.42991
META,613.73,1773594023.1958246
NVDA,180.27,1773594028.4143784
JPM,283.46,1773594029.9528294
V,307.16,1773594032.4105842
UNH,282.11,1773594034.8682573
AAPL,250.14,1773594064.053377
GOOGL,302.3,1773594069.3775005
MSFT,395.57,1773594074.507946
AMZN,207.69,1773594080.3344617
TSLA,391.22,1773594085.2497323
META,613.73,1773594089.448549
NVDA,180.27,1773594094.3728397
JPM,283.46,1773594096.9289904
V,307.16,1773594102.8631577
UNH,282.11,1773594105.525354
AAPL,250.14,1773594123.753236
GOOGL,302.3,1773594126.3192117
MSFT,395.57,1773594131.3308313
AMZN,207.69,1773594133.9937854
TSLA,391.22,1773594140.0565047
META,613.73,1773594143.7208393
NVDA,180.27,1773594148.375072
JPM,283.46,1773594150.17234
V,307.16,1773594154.7794983
UNH,282.11,1773594159.7982066
AAPL,250.14,1773594184.0675075
GOOGL,302.3,1773594186.4223835
MSFT,395.57,1773594196.048259
AMZN,207.69,1773594197.584959
TSLA,391.22,1773594201.1689057
META,613.73,1773594203.9391048
NVDA,180.27,1773594211.0002627
JPM,283.46,1773594215.0950084
V,307.16,1773594220.0102718
UNH,282.11,1773594222.2638748
AAPL,250.14,1773594243.5640347
GOOGL,302.3,1773594248.1707494
MSFT,395.57,1773594250.737538
AMZN,207.69,1773594254.4171731
TSLA,391.22,1773594259.53735
META,613.73,1773594264.2126648
NVDA,180.27,1773594273.874408
JPM,283.46,1773594279.9155202
V,307.16,1773594282.3743029
UNH,282.11,1773594286.6736279
AAPL,250.14,1773594303.8771226
GOOGL,302.3,1773594308.6900635
MSFT,395.57,1773594313.4016318
AMZN,207.69,1773594319.09417
TSLA,391.22,1773594322.0022388
META,613.73,1773594324.6647458
NVDA,180.27,1773594328.3506906
JPM,283.46,1773594331.0134454
V,307.16,1773594334.8025472
UNH,282.11,1773594340.4348776
AAPL,250.14,1773594363.78184
GOOGL,302.3,1773594366.546632
MSFT,395.57,1773594369.2441883
AMZN,207.69,1773594373.9198785
TSLA,391.22,1773594378.9373934
META,613.73,1773594382.9327607
NVDA,180.27,1773594387.0272276
JPM,283.46,1773594393.785651
V,307.16,1773594398.3935
UNH,282.11,1773594401.2875721
AAPL,250.14,1773594423.6870346
GOOGL,302.3,1773594427.1688933
MSFT,395.57,1773594430.0357072
AMZN,207.69,1773594434.2365205
TSLA,391.22,1773594438.0234547
META,613.73,1773594441.709213
NVDA,180.27,1773594446.6245587
JPM,283.46,1773594449.286999
V,307.16,1773594451.1312504
UNH,282.11,1773594456.2502418
AAPL,250.14,1773594483.4903
GOOGL,302.3,1773594486.7660232
MSFT,395.57,1773594489.5299387
AMZN,207.69,1773594494.2808723
TSLA,391.22,1773594498.2933273
META,613.73,1773594499.7899945
NVDA,180.27,1773594504.1744466
JPM,283.46,1773594508.2702549
V,307.16,1773594512.3702903
UNH,282.11,1773594515.131169
AAPL,250.14,1773594543.4974911
GOOGL,302.3,1773594548.463938
MSFT,395.57,1773594552.6099436
AMZN,207.69,1773594557.2180452
TSLA,391.22,1773594561.8100526
META,613.73,1773594566.7426875
NVDA,180.27,1773594568.380125
JPM,283.46,1773594572.4761755
V,307.16,1773594575.7810454
UNH,282.11,1773594588.862209
AAPL,250.14,1773594604.2206385
GOOGL,302.3,1773594609.4434216
MSFT,395.57,1773594614.050802
AMZN,207.69,1773594616.5083976
TSLA,391.22,1773594620.6047316
META,613.73,1773594624.803277
NVDA,180.27,1773594629.5133367
JPM,283.46,1773594632.0735009
V,307.16,1773594634.6339633
UNH,282.11,1773594638.7297344
AAPL,250.14,1773594664.023226
GOOGL,302.3,1773594670.6791344
MSFT,395.57,1773594675.4915879
AMZN,207.69,1773594680.2037091
TSLA,391.22,1773594684.2983263
META,613.73,1773594688.49802
NVDA,180.27,1773594693.6170924
JPM,283.46,1773594702.7307596
V,307.16,1773594707.850574
UNH,282.11,1773594712.5636811
AAPL,250.14,1773594724.1328397
GOOGL,302.3,1773594730.4819305
MSFT,395.57,1773594734.2705214
AMZN,207.69,1773594735.7041337
TSLA,391.22,1773594738.4697032
META,613.73,1773594745.538015
NVDA,180.27,1773594750.8596156
JPM,283.46,1773594755.1601758
V,307.16,1773594757.6181114
UNH,282.11,1773594760.5041587
AAPL,250.14,1773594784.754191
GOOGL,302.3,1773594787.6216688
MSFT,395.57,1773594790.0794723
AMZN,207.69,1773594792.7415476
TSLA,391.22,1773594797.964731
META,613.73,1773594803.0839534
NVDA,180.27,1773594808.3061123
JPM,283.46,1773594813.1192126
V,307.16,1773594818.2395031
UNH,282.11,1773594821.570583
AAPL,250.14,1773594843.8401685
GOOGL,302.3,1773594847.9363213
MSFT,395.57,1773594851.5201933
AMZN,207.69,1773594854.1830318
TSLA,391.22,1773594859.2007966
META,613.73,1773594864.2432427
NVDA,180.27,1773594866.7774413
JPM,283.46,1773594869.4402366
V,307.16,1773594872.9217095
UNH,282.11,1773594875.4815936
AAPL,250.14,1773594903.7456806
GOOGL,302.3,1773594908.8649879
MSFT,395.57,1773594914.0108027
AMZN,207.69,1773594916.7497115
TSLA,391.22,1773594921.8696342
META,613.73,1773594926.7849972
NVDA,180.27,1773594929.4471962
JPM,283.46,1773594932.0074399
V,307.16,1773594934.6700168
UNH,282.11,1773594938.1515048
AAPL,250.14,1773594963.5473373
GOOGL,302.3,1773594970.5106378
MSFT,395.57,1773594972.9772058
AMZN,207.69,1773594977.0648594
TSLA,391.22,1773594981.5697393
META,613.73,1773594986.0757902
NVDA,180.27,1773594991.0928972
JPM,283.46,1773594996.213203
V,307.16,1773595000.4116516
UNH,282.11,1773595003.1764095
AAPL,250.14,1773595023.8012602
GOOGL,302.3,1773595027.5487761
MSFT,395.57,1773595030.2105243
AMZN,207.69,1773595035.3303463
TSLA,391.22,1773595039.7339864
META,613.73,1773595044.7510448
NVDA,180.27,1773595048.54185
JPM,283.46,1773595053.1482973
V,307.16,1773595055.197918
UNH,282.11,1773595058.1671398
AAPL,250.14,1773595083.4591172
GOOGL,302.3,1773595088.5794482
MSFT,395.57,1773595093.3916903
AMZN,207.69,1773595098.512079
TSLA,391.22,1773595103.1948512
META,613.73,1773595105.9898443
NVDA,180.27,1773595110.0837085
JPM,283.46,1773595113.873149
V,307.16,1773595118.8906538
UNH,282.11,1773595123.9075208
AAPL,250.14,1773595143.4666696
GOOGL,302.3,1773595145.9247477
MSFT,395.57,1773595149.9175148
AMZN,207.69,1773595153.9156988
TSLA,391.22,1773595158.2230546
META,613.73,1773595162.6155534
NVDA,180.27,1773595165.585323
JPM,283.46,1773595170.7049663
V,307.16,1773595175.8255076
UNH,282.11,1773595178.3860433
AAPL,250.14,1773595203.576322
GOOGL,302.3,1773595206.239358
MSFT,395.57,1773595210.8539054
AMZN,207.69,1773595215.5583296
TSLA,391.22,1773595220.6770027
META,613.73,1773595225.284992
NVDA,180.27,1773595228.8363204
JPM,283.46,1773595230.1709952
V,307.16,1773595232.7602468
UNH,282.11,1773595235.42291
AAPL,250.14,1773595263.687231
GOOGL,302.3,1773595267.680443
MSFT,395.57,1773595270.4445233
AMZN,207.69,1773595275.359296
TSLA,391.22,1773595280.3771362
META,613.73,1773595283.141737
NVDA,180.27,1773595288.0571015
JPM,283.46,1773595292.1530788
V,307.16,1773595294.8154795
UNH,282.11,1773595299.628529
AAPL,250.14,1773595324.447691
GOOGL,302.3,1773595326.9739568
MSFT,395.57,1773595331.0231097
AMZN,207.69,1773595335.8891485
TSLA,391.22,1773595338.5411632
META,613.73,1773595343.866826
NVDA,180.27,1773595348.986288
JPM,283.46,1773595353.0845675
V,307.16,1773595357.5880437
UNH,282.11,1773595359.314289
AAPL,250.14,1773595383.699907
GOOGL,302.3,1773595388.6152327
MSFT,395.57,1773595393.7369177
AMZN,207.69,1773595397.763974
TSLA,391.22,1773595402.8491871
META,613.73,1773595405.0006094
NVDA,180.27,1773595409.0953803
JPM,283.46,1773595414.1134517
V,307.16,1773595419.5220647
UNH,282.11,1773595424.6726127
AAPL,250.14,1773595444.7329688
GOOGL,302.3,1773595448.4357386
MSFT,395.57,1773595450.0787258
AMZN,207.69,1773595454.9115613
TSLA,391.22,1773595456.118639
META,613.73,1773595457.6685436
NVDA,180.27,1773595463.9007812
JPM,283.46,1773595469.0189927
V,307.16,1773595470.5561278
UNH,282.11,1773595473.1998541
AAPL,250.14,1773595510.7819026
GOOGL,302.3,1773595515.3883255
MSFT,395.57,1773595516.9244657
AMZN,207.69,1773595520.7326095
TSLA,391.22,1773595523.170965
META,613.73,1773595525.8334932
NVDA,180.27,1773595530.690603
JPM,283.46,1773595533.5138123
V,307.16,1773595538.2309866
UNH,282.11,1773595542.7337527
AAPL,250.14,1773595564.0287018
GOOGL,302.3,1773595566.6921628
MSFT,395.57,1773595569.1498046
AMZN,207.69,1773595575.1922755
TSLA,391.22,1773595579.901836
META,613.73,1773595583.9984937
NVDA,180.27,1773595588.0947213
JPM,283.46,1773595592.293413
V,307.16,1773595596.5937753
UNH,282.11,1773595600.484993
AAPL,250.14,1773595623.7300305
GOOGL,302.3,1773595626.2904477
MSFT,395.57,1773595628.953245
AMZN,207.69,1773595634.0726268
TSLA,391.22,1773595639.3984985
META,613.73,1773595642.8796465
NVDA,180.27,1773595645.4402347
JPM,283.46,1773595651.4877944
V,307.16,1773595654.1437097
UNH,282.11,1773595659.2652876
AAPL,250.14,1773595683.942272
GOOGL,302.3,1773595688.7567143
MSFT,395.57,1773595691.4182909
AMZN,207.69,1773595696.128798
TSLA,391.22,1773595701.2915838
META,613.73,1773595707.290925
NVDA,180.27,1773595713.3324382
JPM,283.46,1773595718.6699312
V,307.16,1773595721.6268106
UNH,282.11,1773595725.3133397
AAPL,250.14,1773595743.5420659
GOOGL,302.3,1773595748.5594237
MSFT,395.57,1773595754.0962172
AMZN,207.69,1773595759.229591
TSLA,391.22,1773595763.2033904
META,613.73,1773595771.8047378
NVDA,180.27,1773595774.2617648
JPM,283.46,1773595778.3587732
V,307.16,1773595781.2415872
UNH,282.11,1773595783.8875127
AAPL,250.14,1773595804.7023551
GOOGL,302.3,1773595810.7170515
MSFT,395.57,1773595817.0537448
AMZN,207.69,1773595818.3727727
TSLA,391.22,1773595822.1864066
META,613.73,1773595827.0059266
NVDA,180.27,1773595832.9384584
JPM,283.46,1773595834.5768347
V,307.16,1773595837.136721
UNH,282.11,1773595839.6975474
AAPL,250.14,1773595864.2942772
GOOGL,302.3,1773595867.3667748
MSFT,395.57,1773595870.0085983
AMZN,207.69,1773595875.12813
TSLA,391.22,1773595877.6886773
META,613.73,1773595880.3505547
NVDA,180.27,1773595885.4706736
JPM,283.46,1773595890.693633
V,307.16,1773595894.3801296
UNH,282.11,1773595900.6261985
AAPL,250.14,1773595923.462445
GOOGL,302.3,1773595926.0223525
MSFT,395.57,1773595931.1430597
AMZN,207.69,1773595935.7501936
TSLA,391.22,1773595938.4129357
META,613.73,1773595943.225167
NVDA,180.27,1773595947.322197
JPM,283.46,1773595954.0828261
V,307.16,1773595957.6643565
UNH,282.11,1773595961.8633819
AAPL,250.14,1773595984.2890143
GOOGL,302.3,1773595990.342101
MSFT,395.57,1773595995.0412421
AMZN,207.69,1773596000.0588863
TSLA,391.22,1773596003.0288064
META,613.73,1773596006.9396236
NVDA,180.27,1773596012.244805
JPM,283.46,1773596017.4672844
V,307.16,1773596021.7697148
UNH,282.11,1773596025.8642144
AAPL,250.14,1773596044.1163452
GOOGL,302.3,1773596048.1883764
MSFT,395.57,1773596052.3869057
AMZN,207.69,1773596057.2060106
TSLA,391.22,1773596059.8527582
META,613.73,1773596063.242037
NVDA,180.27,1773596068.6847134
JPM,283.46,1773596072.560033
V,307.16,1773596076.567699
UNH,282.11,1773596082.5957
AAPL,250.14,1773596103.8953445
GOOGL,302.3,1773596109.7362106
MSFT,395.57,1773596112.308469
AMZN,207.69,1773596115.1593792
TSLA,391.22,1773596117.9248629
META,613.73,1773596121.5078247
NVDA,180.27,1773596124.1710088
JPM,283.46,1773596129.2906356
V,307.16,1773596131.8509552
UNH,282.11,1773596135.8340805
AAPL,250.14,1773597423.339169
GOOGL,302.3,1773597425.5048788
MSFT,395.57,1773597428.8483245
AMZN,207.69,1773597432.2705963
TSLA,391.22,1773597434.5500753
META,613.73,1773597436.5861578
NVDA,180.27,1773597440.096325
JPM,283.46,1773597442.9620028
V,307.16,1773597446.4360402
UNH,282.11,1773597450.877813
AAPL,250.14,1773597484.8878682
GOOGL,302.3,1773597488.1136572
MSFT,395.57,1773597490.6684518
AMZN,207.69,1773597494.4958732
TSLA,391.22,1773597496.4274933
META,613.73,1773597498.9356534
NVDA,180.27,1773597500.9519663
JPM,283.46,1773597504.8523016
V,307.16,1773597506.657513
UNH,282.11,1773597508.536
AAPL,250.14,1773597543.449079
GOOGL,302.3,1773597545.0878441
MSFT,395.57,1773597548.978933
AMZN,207.69,1773597551.5403926
TSLA,391.22,1773597556.1978002
META,613.73,1773597557.3759065
NVDA,180.27,1773597560.9500737
JPM,283.46,1773597564.236496
V,307.16,1773597567.8203344
UNH,282.11,1773597570.4832773
AAPL,250.14,1773597603.3688557
GOOGL,302.3,1773597605.6402318
MSFT,395.57,1773597612.70059
AMZN,207.69,1773597613.8808756
TSLA,391.22,1773597618.6800592
META,613.73,1773597620.1479974
NVDA,180.27,1773597622.533156
JPM,283.46,1773597626.5988922
V,307.16,1773597631.0056102
UNH,282.11,1773597634.937698
AAPL,250.14,1773597662.9503336
GOOGL,302.3,1773597665.6571527
MSFT,395.57,1773597667.206884
AMZN,207.69,1773597669.4039235
TSLA,391.22,1773597671.655775
META,613.73,1773597674.3496916
NVDA,180.27,1773597676.7807398
JPM,283.46,1773597678.3403072
V,307.16,1773597683.7456603
UNH,282.11,1773597690.7103941
AAPL,250.14,1773597725.1137536
GOOGL,302.3,1773597728.8028312
MSFT,395.57,1773597731.7659903
AMZN,207.69,1773597734.222608
TSLA,391.22,1773597738.5621278
META,613.73,1773597742.314262
NVDA,180.27,1773597745.0981
JPM,283.46,1773597747.4522643
V,307.16,1773597749.9259508
UNH,282.11,1773597753.074327
AAPL,250.14,1773597784.5336673
GOOGL,302.3,1773597790.0691493
MSFT,395.57,1773597792.9278216
AMZN,207.69,1773597795.9752212
TSLA,391.22,1773597799.657274
META,613.73,1773597804.516785
NVDA,180.27,1773597809.606143
JPM,283.46,1773597816.3276641
V,307.16,1773597821.594451
UNH,282.11,1773597826.1006334
AAPL,250.14,1773597847.2140026
GOOGL,302.3,1773597852.255032
MSFT,395.57,1773597855.676114
AMZN,207.69,1773597858.5401843
TSLA,391.22,1773597862.431565
META,613.73,1773597866.077084
NVDA,180.27,1773597868.5449893
JPM,283.46,1773597872.5805264
V,307.16,1773597877.6851063
UNH,282.11,1773597882.0119739
AAPL,250.14,1773597906.9897037
GOOGL,302.3,1773597909.55697
MSFT,395.57,1773597913.3850799
AMZN,207.69,1773597917.8281128
TSLA,391.22,1773597920.7556293
META,613.73,1773597925.1196358
NVDA,180.27,1773597927.4542723
JPM,283.46,1773597932.1654053
V,307.16,1773597936.7728121
UNH,282.11,1773597939.1436594
